{
    "observation.state": {
        "min": [
            -43.44512176513672,
            -96.11265563964844,
            -28.623188018798828,
            -64.4859848022461,
            -56.727718353271484,
            0.0
        ],
        "max": [
            4.72560977935791,
            58.66719436645508,
            100.0,
            82.93376922607422,
            4.420024394989014,
            96.38888549804688
        ],
        "mean": [
            -17.223353406433944,
            -32.92529961249436,
            54.10539090727666,
            18.80092012426301,
            -24.465104017216678,
            36.580469797802415
        ],
        "std": [
            13.256190537152822,
            60.07583809565623,
            40.41710927718342,
            46.213711478578546,
            23.450173689849837,
            32.31361666889106
        ],
        "count": [
            21623
        ],
        "q01": [
            -40.26718660521188,
            -95.17379382886372,
            -13.347974487618803,
            -46.566095993437834,
            -52.533764257955404,
            0.5752479890469495
        ],
        "q10": [
            -37.71738561584825,
            -94.63672218050743,
            -7.953848914906934,
            -44.46943295191769,
            -51.16186013887126,
            0.7946347073186276
        ],
        "q50": [
            -10.555269396140067,
            -45.39446798049898,
            58.868267612607546,
            20.338425520499975,
            -20.294024972497866,
            31.06265062689563
        ],
        "q90": [
            -5.135743617964902,
            44.50780120610677,
            97.30103980232612,
            70.2567797764695,
            -0.11999660486914474,
            76.77105480183812
        ],
        "q99": [
            -4.754791279302674,
            51.51970910443254,
            98.02531862860656,
            71.14129654835575,
            0.3556924466568318,
            80.75191465918792
        ]
    },
    "task_index": {
        "min": [
            0
        ],
        "max": [
            0
        ],
        "mean": [
            0.0
        ],
        "std": [
            0.0
        ],
        "count": [
            21623
        ],
        "q01": [
            3.9999999999994176e-16
        ],
        "q10": [
            3.999999999999418e-15
        ],
        "q50": [
            1.9999999999997088e-14
        ],
        "q90": [
            3.599999999999478e-14
        ],
        "q99": [
            3.9599999999994235e-14
        ]
    },
    "action": {
        "min": [
            -44.02930450439453,
            -95.08772277832031,
            -30.83941650390625,
            -65.09028625488281,
            -56.874237060546875,
            0.0
        ],
        "max": [
            5.274725437164307,
            57.894737243652344,
            100.0,
            82.97506713867188,
            4.468864440917969,
            97.28681945800781
        ],
        "mean": [
            -16.88021359913158,
            -33.60154580198883,
            52.67359774166619,
            18.640526802220176,
            -24.40869300707148,
            35.55996146495604
        ],
        "std": [
            13.27396476550261,
            59.06681170724798,
            40.95839639700936,
            46.491173467211894,
            23.46550144443734,
            32.88105041320156
        ],
        "count": [
            21623
        ],
        "q01": [
            -40.50986744506316,
            -94.58414379735875,
            -16.16072029614774,
            -47.11979207462931,
            -52.6141488807465,
            1.1905726092547004
        ],
        "q10": [
            -37.377668911570964,
            -94.19816283394819,
            -9.758294330140286,
            -45.13833276633881,
            -51.16207993685516,
            1.5764561801002623
        ],
        "q50": [
            -10.11755500033272,
            -45.9243797405874,
            57.022209597059,
            20.20968241738744,
            -20.27938443867012,
            26.16244649762974
        ],
        "q90": [
            -4.9464709121785315,
            42.70226551697474,
            96.71542258774,
            70.4119862856062,
            -0.06636684909269372,
            77.50114289556578
        ],
        "q99": [
            -4.2779558885207125,
            50.506117417625475,
            97.53004650542881,
            71.36454254104869,
            0.4972536510547666,
            81.98262038365252
        ]
    },
    "index": {
        "min": [
            0
        ],
        "max": [
            21622
        ],
        "mean": [
            10811.0
        ],
        "std": [
            6242.02242866845
        ],
        "count": [
            21623
        ],
        "q01": [
            10589.412536189144
        ],
        "q10": [
            10630.089389825569
        ],
        "q50": [
            10810.838201017432
        ],
        "q90": [
            10991.852826703127
        ],
        "q99": [
            11032.587463810853
        ]
    },
    "observation.images.front": {
        "min": [
            [
                [
                    0.0
                ]
            ],
            [
                [
                    0.0
                ]
            ],
            [
                [
                    0.0
                ]
            ]
        ],
        "max": [
            [
                [
                    1.0
                ]
            ],
            [
                [
                    0.9568627450980393
                ]
            ],
            [
                [
                    0.996078431372549
                ]
            ]
        ],
        "mean": [
            [
                [
                    0.5743577088794266
                ]
            ],
            [
                [
                    0.5641367818199794
                ]
            ],
            [
                [
                    0.5472342945367158
                ]
            ]
        ],
        "std": [
            [
                [
                    0.00587284186929076
                ]
            ],
            [
                [
                    0.006889144440346084
                ]
            ],
            [
                [
                    0.00869317941654305
                ]
            ]
        ],
        "count": [
            5139
        ],
        "q01": [
            [
                [
                    0.00015004691967495295
                ]
            ],
            [
                [
                    0.008575474061364906
                ]
            ],
            [
                [
                    -3.921568627450982e-13
                ]
            ]
        ],
        "q10": [
            [
                [
                    0.13497822659576722
                ]
            ],
            [
                [
                    0.10471750121149884
                ]
            ],
            [
                [
                    0.05522618219081972
                ]
            ]
        ],
        "q50": [
            [
                [
                    0.6790317357635399
                ]
            ],
            [
                [
                    0.6851952077534752
                ]
            ],
            [
                [
                    0.6938722875898935
                ]
            ]
        ],
        "q90": [
            [
                [
                    0.7651030198231256
                ]
            ],
            [
                [
                    0.7911181894593756
                ]
            ],
            [
                [
                    0.7929534305529289
                ]
            ]
        ],