{
    "frame_index": {
        "min": [
            0
        ],
        "max": [
            704
        ],
        "mean": [
            251.88211925898906
        ],
        "std": [
            152.61645403544455
        ],
        "count": [
            24669
        ],
        "q01": [
            4.567939069503335
        ],
        "q10": [
            49.986461400057664
        ],
        "q50": [
            251.66072590700867
        ],
        "q90": [
            453.74253199245936
        ],
        "q99": [
            499.1962994484748
        ]
    },
    "observation.state": {
        "min": [
            -45.121952056884766,
            -97.38198852539062,
            -31.159420013427734,
            -77.08248901367188,
            -58.632476806640625,
            0.0
        ],
        "max": [
            3.658536672592163,
            55.01784896850586,
            99.72826385498047,
            99.51239013671875,
            8.083027839660645,
            94.51388549804688
        ],
        "mean": [
            -16.623511658262256,
            -26.558241942757224,
            46.998370913654355,
            20.063960638627687,
            -26.018090400694255,
            37.21041204025799
        ],
        "std": [
            14.444282569732977,
            60.16457541930347,
            41.3717376175996,
            47.27935164141301,
            23.875566295723157,
            31.863761460470794
        ],
        "count": [
            24669
        ],
        "q01": [
            -40.30281687868371,
            -95.14853073115876,
            -14.919763066247125,
            -45.80593816904838,
            -52.26128116725195,
            0.500423888807583
        ],
        "q10": [
            -37.658233810200215,
            -94.7159092304289,
            -13.299762199543826,
            -43.23430919545899,
            -51.55426139531617,
            0.6993565469598394
        ],
        "q50": [
            -9.475517212826448,
            -22.81982781809815,
            41.450636562318586,
            26.68715321676055,
            -28.657104208416882,
            32.99816833455041
        ],
        "q90": [
            -3.4245241991051776,
            46.349852882627616,
            96.63244586429161,
            70.29608105873571,
            -0.06833854620306348,
            78.08075113522885
        ],
        "q99": [
            -2.471642534713011,
            49.05812555030363,
            97.88867184351275,
            77.10018582936421,
            1.1047772586273323,
            79.08495472224347
        ]
    },
    "timestamp": {
        "min": [
            0.0
        ],
        "max": [
            23.466666666666665
        ],
        "mean": [
            8.396070641966302
        ],
        "std": [
            5.08721513451482
        ],
        "count": [
            24669
        ],
        "q01": [
            0.1522646355551937
        ],
        "q10": [
            1.6662153799244357
        ],
        "q50": [
            8.389237274582046
        ],
        "q90": [
            15.124751066492774
        ],
        "q99": [
            16.639876648377403
        ]
    },
    "task_index": {
        "min": [
            0
        ],
        "max": [
            0
        ],
        "mean": [
            0.0
        ],
        "std": [
            0.0
        ],
        "count": [
            24669
        ],
        "q01": [
            3.999999999999418e-16
        ],
        "q10": [
            3.999999999999416e-15
        ],
        "q50": [
            1.999999999999709e-14
        ],
        "q90": [
            3.599999999999478e-14
        ],
        "q99": [
            3.9599999999994216e-14
        ]
    },
    "action": {
        "min": [
            -45.347984313964844,
            -95.78947448730469,
            -34.0328483581543,
            -77.47205352783203,
            -58.632476806640625,
            0.0
        ],
        "max": [
            4.5421247482299805,
            54.230018615722656,
            100.0,
            100.0,
            8.180707931518555,
            95.5813980102539
        ],
        "mean": [
            -16.262566017666746,
            -27.268580547927954,
            45.6333510653897,
            19.893550234270258,
            -25.965461566657066,
            35.806058707305475
        ],
        "std": [
            14.443890915451409,
            59.19821745058609,
            42.038610206327824,
            47.55307737513679,
            23.88148656246643,
            32.672975502505025
        ],
        "count": [
            24669
        ],
        "q01": [
            -40.463156580747615,
            -94.55261227816511,
            -17.78548194682263,
            -46.35424592454357,
            -52.31740846623063,
            1.067040077504253
        ],
        "q10": [
            -37.41803429792797,
            -94.24229456278745,
            -15.443742037576152,
            -43.93057922728659,
            -51.51321797153592,
            1.230924672355602
        ],
        "q50": [
            -8.920020215336669,
            -23.862701944798484,
            39.80106083350493,
            26.61348579439388,
            -28.643148973176327,
            26.01690256832648
        ],
        "q90": [
            -3.17778914317844,
            44.8248977691141,
            96.36194720597594,
            70.31511187717172,
            -0.03099536067172365,
            78.63940186134516
        ],
        "q99": [
            -1.9939151840876206,
            47.9655752581391,
            97.35009138895798,
            77.19905684132537,
            1.2588120546743344,
            80.18714622955103
        ]
    },
    "episode_index": {
        "min": [
            0
        ],
        "max": [
            49
        ],
        "mean": [
            22.968462442741906
        ],
        "std": [
            14.567325035304076
        ],
        "count": [
            24669
        ],
        "q01": [
            22.968462442741906
        ],
        "q10": [
            22.968462442741906
        ],
        "q50": [
            22.968462442741917
        ],
        "q90": [
            22.96846244274194
        ],
        "q99": [
            22.96846244274194
        ]
    },
    "observation.images.front": {
        "min": [
            [
                [
                    0.0
                ]
            ],
            [
                [
                    0.0
                ]
            ],
            [
                [
                    0.0
                ]
            ]
        ],
        "max": [
            [
                [
                    1.0
                ]
            ],
            [
                [
                    0.9921568627450981
                ]
            ],
            [
                [
                    1.0
                ]
            ]
        ],
        "mean": [
            [
                [
                    0.5754416929792259
                ]
            ],
            [
                [
                    0.5641728132191843
                ]
            ],
            [
                [
                    0.5465082183021875
                ]
            ]
        ],
        "std": [
            [
                [
                    0.00519534075362764
                ]
            ],
            [
                [
                    0.006209850105106124
                ]
            ],
            [
                [
                    0.008317332666458658
                ]
            ]
        ],
        "count": [
            5325
        ],